{
  "seed": 42,
  "pinn_seed_used": 42,
  "nonpinn_seed_used": 123,
  "gnss_rmse_2d": 11.118368,
  "gnss_rmse_3d": 36.031403,
  "nonpinn_rmse_2d": 10.829618,
  "nonpinn_rmse_3d": 17.747945,
  "nonpinn_p95_2d": 18.42076,
  "nonpinn_multi_seed_mean": 18.107523666666665,
  "nonpinn_multi_seed_std": 0.3856668661572506,
  "nonpinn_multiseed_mean": 18.107523666666665,
  "nonpinn_multiseed_std": 0.3856668661572506,
  "pinn_rmse_2d": 8.395769,
  "pinn_rmse_3d": 13.093327,
  "pinn_p95_2d": 14.398223,
  "improvement_vs_gnss_2d_pct": 24.487397790754905,
  "improvement_vs_gnss_3d_pct": 63.66134563230857,
  "improvement_vs_nonpinn_2d_pct": 22.47400600833751,
  "improvement_vs_nonpinn_3d_pct": 26.226236333276898,
  "ablation": {
    "full_with_lvel_mean": 13.438976333333335,
    "full_with_lvel_std": 0.18441046452110257,
    "full_with_lvel_2d_mean": 8.306039666666667,
    "wo_lkin_mean": 13.859253666666666,
    "wo_lkin_std": 0.3396080539144434,
    "wo_lkin_2d_mean": 8.671586666666666,
    "wo_lvel_mean": 13.132052333333334,
    "wo_lvel_std": 0.1919182115682506,
    "wo_lvel_2d_mean": 8.308458333333334,
    "nonpinn_plus_s": 18.170744,
    "nonpinn_plus_s_2d": 10.738565,
    "nonpinn_plus_s_seed42": 18.741086,
    "nonpinn_plus_s_seed42_2d": 10.937306,
    "nonpinn_plus_s_seed123": 18.170744,
    "nonpinn_plus_s_seed123_2d": 10.738565,
    "pinn_wo_s": 15.490529,
    "pinn_wo_s_2d": 9.836797
  },
  "lkin_contribution_mean": 0.42027733333333356,
  "lkin_contribution_std": 0.32907122797081817,
  "lvel_contribution_mean": -0.3069239999999998,
  "lvel_contribution_std": 0.03011830278529457,
  "lreg_nonpinn_delta": 0.4227989999999977,
  "lreg_nonpinn_delta_seed42": 0.09861699999999895,
  "lreg_nonpinn_delta_seed123": 0.4227989999999977,
  "lreg_pinn_delta": -2.397202,
  "training_noise_pinn_std": 0.18441046452110257
}
